tool,bytes,seconds
zstd-19,313910931,149.171235333
zstd-22-ultra-long,280661345,522.201353429
xz-9-T0,246998544,262.732976636
7z-mx9,238128980,258.000311104
