tool,bytes,seconds
7z-mx9,8340956,90.551474124
xz-9e,8400040,93.324829595
zstd-22-ultra,8627297,102.631689907
